{
    "train_loss": [
        1.1703253198513943,
        1.0945159352458684,
        1.0737612331862998,
        1.099518097343698,
        1.0897463198784179,
        1.0947905712950545,
        1.0852547488381377,
        1.0805013253625515,
        1.075090128763587,
        1.0824272651060494,
        1.0688462012109503,
        1.08135523389926,
        1.0864254141275862,
        1.0887843589339636,
        1.0721801187084838,
        1.072313513639754,
        1.0696476608251049,
        1.0792002464290213,
        1.0773203641967435,
        1.0794740329801509,
        1.0672307154246137,
        1.070584744478749,
        1.0732573901130036,
        1.0671795015841459,
        1.0670744636944964,
        1.0688955691535915,
        1.060647602366135,
        1.0670555429121034,
        1.0594400810984383,
        1.0661321108320119,
        1.0565764526877783,
        1.0672744407063037,
        1.0682447410262792,
        1.062364256223746,
        1.065307134020645,
        1.062228947877884,
        1.0579371067274987,
        1.0616798068569824,
        1.0716202419943515,
        1.0610726164505544,
        1.0566424466339888,
        1.0604207265166055,
        1.0588182007844469,
        1.0528498286694552,
        1.0490047180019648,
        1.0516825352622345,
        1.0484039076661642,
        1.0497145816288163,
        1.0519696911879346,
        1.0512984967337244
    ],
    "train_acc": [
        0.4856194690265487,
        0.5121681415929203,
        0.5127212389380531,
        0.5105088495575221,
        0.4961283185840708,
        0.5071902654867256,
        0.5165929203539823,
        0.4983407079646018,
        0.5094026548672567,
        0.5011061946902655,
        0.5077433628318584,
        0.5,
        0.5060840707964602,
        0.5055309734513275,
        0.5094026548672567,
        0.5082964601769911,
        0.5011061946902655,
        0.5016592920353983,
        0.519358407079646,
        0.5038716814159292,
        0.521570796460177,
        0.5110619469026548,
        0.5143805309734514,
        0.5127212389380531,
        0.514933628318584,
        0.5232300884955752,
        0.5315265486725663,
        0.5176991150442478,
        0.5143805309734514,
        0.5254424778761062,
        0.5105088495575221,
        0.5326327433628318,
        0.5210176991150443,
        0.5248893805309734,
        0.5127212389380531,
        0.5287610619469026,
        0.514933628318584,
        0.5171460176991151,
        0.5237831858407079,
        0.5298672566371682,
        0.5226769911504425,
        0.5199115044247787,
        0.5243362831858407,
        0.5348451327433629,
        0.5342920353982301,
        0.5254424778761062,
        0.5309734513274337,
        0.5243362831858407,
        0.5226769911504425,
        0.5287610619469026
    ],
    "test_loss": [
        3.584409590037364,
        2.7307013250746817,
        3.7527428955402016,
        4.628922536688031,
        5.54337532790202,
        4.560632238972862,
        3.533732097103911,
        3.049617834810941,
        3.040376647463385,
        2.9051554765341416,
        4.8815870689895915,
        3.4881253073800287,
        16.24765943131357,
        50.2625228436488,
        16.7461348142264,
        274.8889617065214,
        12.416184398363221,
        13.468231347371947,
        4.357209833163135,
        2.996452941084808,
        7.198040440397443,
        7.402073688102218,
        121.38615253961311,
        3.679956132510923,
        14.235139005589035,
        3.7587579623708187,
        5.12005060798717,
        3.937245981873206,
        128.59775260709367,
        12.277557849884033,
        10.872172167840993,
        3.420529321679529,
        3.0636879171965257,
        4.55676200029985,
        9.294155694403738,
        27.165060898043073,
        3.3123022992655917,
        7.400930352930753,
        3.8430957186896846,
        7.369222443058805,
        3.4058403912580237,
        2.978594145684872,
        2.9929196688364135,
        24.036566282218356,
        28.973567774835622,
        4.329013338628805,
        4.102278284306796,
        3.0767882994885714,
        3.106932044029236,
        5.082931932413353
    ],
    "test_acc": [
        0.1509433962264151,
        0.1509433962264151,
        0.11320754716981132,
        0.1320754716981132,
        0.1509433962264151,
        0.1509433962264151,
        0.1509433962264151,
        0.1509433962264151,
        0.11320754716981132,
        0.24528301886792453,
        0.1509433962264151,
        0.1509433962264151,
        0.1509433962264151,
        0.1509433962264151,
        0.1320754716981132,
        0.1509433962264151,
        0.1509433962264151,
        0.1509433962264151,
        0.1509433962264151,
        0.1509433962264151,
        0.1509433962264151,
        0.11320754716981132,
        0.07547169811320754,
        0.11320754716981132,
        0.1509433962264151,
        0.1509433962264151,
        0.1509433962264151,
        0.1320754716981132,
        0.1509433962264151,
        0.11320754716981132,
        0.1320754716981132,
        0.1320754716981132,
        0.1509433962264151,
        0.1509433962264151,
        0.1320754716981132,
        0.11320754716981132,
        0.1509433962264151,
        0.1320754716981132,
        0.1509433962264151,
        0.1509433962264151,
        0.16981132075471697,
        0.1509433962264151,
        0.16981132075471697,
        0.1320754716981132,
        0.11320754716981132,
        0.11320754716981132,
        0.1509433962264151,
        0.1320754716981132,
        0.1509433962264151,
        0.1320754716981132
    ]
}